{
  "loss": 26.124786035581067,
  "macro_cat_f1": 0.7454183545911524,
  "macro_attr_f1": 0.40041581609519783,
  "cat_f1": {
    "Data Retention": 0.55,
    "Data Security": 0.8571428571428571,
    "First Party Collection/Use": 0.8090614886731392,
    "International and Specific Audiences": 0.8529411764705882,
    "Policy Change": 0.6666666666666666,
    "Third Party Sharing/Collection": 0.8034934497816594,
    "User Access, Edit and Deletion": 0.723404255319149,
    "User Choice/Control": 0.7006369426751592
  },
  "attr_f1": {
    "Data Retention__Personal Information Type": 0.2952380952380952,
    "Data Retention__Retention Period": 0.4636363636363637,
    "Data Retention__Retention Purpose": 0.33525641025641023,
    "Data Security__Security Measure": 0.5631746031746031,
    "First Party Collection/Use__Action First-Party": 0.1718678246980134,
    "First Party Collection/Use__Choice Scope": 0.2566496163682864,
    "First Party Collection/Use__Choice Type": 0.23636363636363633,
    "First Party Collection/Use__Collection Mode": 0.45668236991766403,
    "First Party Collection/Use__Does/Does Not": 0.8712962962962962,
    "First Party Collection/Use__Identifiability": 0.41525498891352547,
    "First Party Collection/Use__Personal Information Type": 0.29228772553047616,
    "First Party Collection/Use__Purpose": 0.3748707137991367,
    "First Party Collection/Use__User Type": 0.42927817280758457,
    "International and Specific Audiences__Audience Type": 0.7272727272727273,
    "Policy Change__Change Type": 0.5887445887445887,
    "Policy Change__Notification Type": 0.5178571428571428,
    "Policy Change__User Choice": 0.44313725490196076,
    "Third Party Sharing/Collection__Action Third Party": 0.533596837944664,
    "Third Party Sharing/Collection__Choice Scope": 0.23901477832512316,
    "Third Party Sharing/Collection__Choice Type": 0.20336739945592236,
    "Third Party Sharing/Collection__Does/Does Not": 0.48186528497409326,
    "Third Party Sharing/Collection__Identifiability": 0.5922240947195575,
    "Third Party Sharing/Collection__Personal Information Type": 0.23967764778670814,
    "Third Party Sharing/Collection__Purpose": 0.47128745156128526,
    "Third Party Sharing/Collection__Third Party Entity": 0.3367045933417615,
    "Third Party Sharing/Collection__User Type": 0.22444396920444823,
    "User Access, Edit and Deletion__Access Scope": 0.32801932367149755,
    "User Access, Edit and Deletion__Access Type": 0.23068783068783066,
    "User Access, Edit and Deletion__User Type": 0.4147727272727273,
    "User Choice/Control__Choice Scope": 0.5981135531135531,
    "User Choice/Control__Choice Type": 0.42015624077027586,
    "User Choice/Control__Personal Information Type": 0.3824186383148647,
    "User Choice/Control__Purpose": 0.2759558823529412,
    "User Choice/Control__User Type": 0.20296296296296296
  }
}