{
  "test": {
    "loss": 12.928904468362981,
    "macro_cat_f1": 0.7748118259117299,
    "macro_cat_precision": 0.7161255554713932,
    "macro_cat_recall": 0.8612461544094918,
    "macro_attr_f1": 0.45438630161932797,
    "macro_attr_precision": 0.5100686617861625,
    "macro_attr_recall": 0.4493559914960505,
    "cat_f1": {
      "Data Retention": 0.6363636363636364,
      "Data Security": 0.8055555555555556,
      "First Party Collection/Use": 0.8172043010752689,
      "International and Specific Audiences": 0.875,
      "Policy Change": 0.6666666666666666,
      "Third Party Sharing/Collection": 0.8682926829268293,
      "User Access, Edit and Deletion": 0.75,
      "User Choice/Control": 0.7794117647058824
    },
    "cat_precision": {
      "Data Retention": 0.5,
      "Data Security": 0.7073170731707317,
      "First Party Collection/Use": 0.8142857142857143,
      "International and Specific Audiences": 0.875,
      "Policy Change": 0.55,
      "Third Party Sharing/Collection": 0.8476190476190476,
      "User Access, Edit and Deletion": 0.6666666666666666,
      "User Choice/Control": 0.7681159420289855
    },
    "cat_recall": {
      "Data Retention": 0.875,
      "Data Security": 0.9354838709677419,
      "First Party Collection/Use": 0.8201438848920863,
      "International and Specific Audiences": 0.875,
      "Policy Change": 0.8461538461538461,
      "Third Party Sharing/Collection": 0.89,
      "User Access, Edit and Deletion": 0.8571428571428571,
      "User Choice/Control": 0.7910447761194029
    },
    "attr_f1": {
      "Data Retention__Retention Period": 0.24,
      "Data Security__Security Measure": 0.8199767711962833,
      "First Party Collection/Use__Choice Scope": 0.22745098039215686,
      "First Party Collection/Use__Choice Type": 0.452495446265938,
      "First Party Collection/Use__Does/Does Not": 0.8712962962962962,
      "First Party Collection/Use__Personal Information Type": 0.0,
      "First Party Collection/Use__Purpose": 0.4097430029924309,
      "International and Specific Audiences__Audience Type": 0.6705504896994259,
      "Policy Change__Change Type": 0.875,
      "Policy Change__Notification Type": 0.8472222222222222,
      "Policy Change__User Choice": 0.8761904761904762,
      "Third Party Sharing/Collection__Choice Scope": 0.2977941176470588,
      "Third Party Sharing/Collection__Choice Type": 0.2922619047619048,
      "Third Party Sharing/Collection__Does/Does Not": 0.7594997594997595,
      "Third Party Sharing/Collection__Personal Information Type": 0.0,
      "Third Party Sharing/Collection__Purpose": 0.4682620519577041,
      "Third Party Sharing/Collection__Third Party Entity": 0.3125,
      "User Access, Edit and Deletion__Access Scope": 0.37142857142857144,
      "User Access, Edit and Deletion__Access Type": 0.15483870967741936,
      "User Choice/Control__Choice Scope": 0.45832095389990124,
      "User Choice/Control__Choice Type": 0.634611415416369,
      "User Choice/Control__Personal Information Type": 0.0,
      "User Choice/Control__Purpose": 0.41144176770062457
    },
    "attr_precision": {
      "Data Retention__Retention Period": 0.2142857142857143,
      "Data Security__Security Measure": 0.8285714285714285,
      "First Party Collection/Use__Choice Scope": 0.20863309352517986,
      "First Party Collection/Use__Choice Type": 0.7696969696969698,
      "First Party Collection/Use__Does/Does Not": 0.9926470588235294,
      "First Party Collection/Use__Personal Information Type": 0.0,
      "First Party Collection/Use__Purpose": 0.4737025426680599,
      "International and Specific Audiences__Audience Type": 0.6666666666666666,
      "Policy Change__Change Type": 0.9259259259259259,
      "Policy Change__Notification Type": 0.9259259259259259,
      "Policy Change__User Choice": 0.9545454545454546,
      "Third Party Sharing/Collection__Choice Scope": 0.4722222222222222,
      "Third Party Sharing/Collection__Choice Type": 0.32123655913978494,
      "Third Party Sharing/Collection__Does/Does Not": 0.8541666666666667,
      "Third Party Sharing/Collection__Personal Information Type": 0.0,
      "Third Party Sharing/Collection__Purpose": 0.57299729256251,
      "Third Party Sharing/Collection__Third Party Entity": 0.3781565656565657,
      "User Access, Edit and Deletion__Access Scope": 0.375,
      "User Access, Edit and Deletion__Access Type": 0.13333333333333333,
      "User Choice/Control__Choice Scope": 0.5166666666666667,
      "User Choice/Control__Choice Type": 0.638,
      "User Choice/Control__Personal Information Type": 0.0,
      "User Choice/Control__Purpose": 0.5091991341991342
    },
    "attr_recall": {
      "Data Retention__Retention Period": 0.27272727272727276,
      "Data Security__Security Measure": 0.8136363636363637,
      "First Party Collection/Use__Choice Scope": 0.25,
      "First Party Collection/Use__Choice Type": 0.37380952380952376,
      "First Party Collection/Use__Does/Does Not": 0.8,
      "First Party Collection/Use__Personal Information Type": 0.0,
      "First Party Collection/Use__Purpose": 0.40908505343287954,
      "International and Specific Audiences__Audience Type": 0.6891304347826087,
      "Policy Change__Change Type": 0.8666666666666667,
      "Policy Change__Notification Type": 0.8333333333333334,
      "Policy Change__User Choice": 0.8333333333333333,
      "Third Party Sharing/Collection__Choice Scope": 0.2857142857142857,
      "Third Party Sharing/Collection__Choice Type": 0.2969047619047619,
      "Third Party Sharing/Collection__Does/Does Not": 0.7089093701996928,
      "Third Party Sharing/Collection__Personal Information Type": 0.0,
      "Third Party Sharing/Collection__Purpose": 0.4756559181559181,
      "Third Party Sharing/Collection__Third Party Entity": 0.3222680097680098,
      "User Access, Edit and Deletion__Access Scope": 0.3888888888888889,
      "User Access, Edit and Deletion__Access Type": 0.18461538461538463,
      "User Choice/Control__Choice Scope": 0.47787878787878785,
      "User Choice/Control__Choice Type": 0.6504273504273504,
      "User Choice/Control__Personal Information Type": 0.0,
      "User Choice/Control__Purpose": 0.4022030651340996
    }
  }
}