{
  "split": "test_checkpoint_100_final",
  "parse_failures": 0,
  "total_examples": 350,
  "macro_cat_f1": 0.27633879812597006,
  "macro_cat_precision": 0.7666997354497354,
  "macro_cat_recall": 0.1749010482716537,
  "macro_attr_f1": 0.23095446575180759,
  "macro_attr_precision": 0.21541732412560574,
  "macro_attr_recall": 0.29280663293894177,
  "cat_f1": {
    "Data Retention": 0.0,
    "Data Security": 0.41025641025641024,
    "First Party Collection/Use": 0.2138364779874214,
    "International and Specific Audiences": 0.43902439024390244,
    "Policy Change": 0.26666666666666666,
    "Third Party Sharing/Collection": 0.2814814814814815,
    "User Access, Edit and Deletion": 0.17391304347826086,
    "User Choice/Control": 0.425531914893617
  },
  "cat_precision": {
    "Data Retention": 0.0,
    "Data Security": 1.0,
    "First Party Collection/Use": 0.85,
    "International and Specific Audiences": 1.0,
    "Policy Change": 1.0,
    "Third Party Sharing/Collection": 0.5428571428571428,
    "User Access, Edit and Deletion": 1.0,
    "User Choice/Control": 0.7407407407407407
  },
  "cat_recall": {
    "Data Retention": 0.0,
    "Data Security": 0.25806451612903225,
    "First Party Collection/Use": 0.1223021582733813,
    "International and Specific Audiences": 0.28125,
    "Policy Change": 0.15384615384615385,
    "Third Party Sharing/Collection": 0.19,
    "User Access, Edit and Deletion": 0.09523809523809523,
    "User Choice/Control": 0.29850746268656714
  },
  "attr_f1": {
    "Data Retention__Retention Period": 0.2716049382716049,
    "Data Security__Security Measure": 0.2619047619047619,
    "First Party Collection/Use__Choice Scope": 0.2624489795918367,
    "First Party Collection/Use__Choice Type": 0.22759336099585062,
    "First Party Collection/Use__Does/Does Not": 0.4908424908424908,
    "First Party Collection/Use__Purpose": 0.08530132920376823,
    "International and Specific Audiences__Audience Type": 0.20909090909090908,
    "Policy Change__Change Type": 0.2333333333333333,
    "Policy Change__Notification Type": 0.1568627450980392,
    "Policy Change__User Choice": 0.43478260869565216,
    "Third Party Sharing/Collection__Choice Scope": 0.225,
    "Third Party Sharing/Collection__Choice Type": 0.2638728323699422,
    "Third Party Sharing/Collection__Does/Does Not": 0.48186528497409326,
    "Third Party Sharing/Collection__Purpose": 0.10964285714285715,
    "Third Party Sharing/Collection__Third Party Entity": 0.11965811965811966,
    "User Access, Edit and Deletion__Access Scope": 0.24242424242424243,
    "User Access, Edit and Deletion__Access Type": 0.19117647058823528,
    "User Choice/Control__Choice Scope": 0.09887640449438202,
    "User Choice/Control__Choice Type": 0.1118279569892473,
    "User Choice/Control__Purpose": 0.14097968936678615
  },
  "attr_precision": {
    "Data Retention__Retention Period": 0.22916666666666666,
    "Data Security__Security Measure": 0.1774193548387097,
    "First Party Collection/Use__Choice Scope": 0.26124031007751936,
    "First Party Collection/Use__Choice Type": 0.22589147286821704,
    "First Party Collection/Use__Does/Does Not": 0.48201438848920863,
    "First Party Collection/Use__Purpose": 0.0727525983070824,
    "International and Specific Audiences__Audience Type": 0.1796875,
    "Policy Change__Change Type": 0.1794871794871795,
    "Policy Change__Notification Type": 0.10256410256410257,
    "Policy Change__User Choice": 0.38461538461538464,
    "Third Party Sharing/Collection__Choice Scope": 0.22010869565217392,
    "Third Party Sharing/Collection__Choice Type": 0.3137755102040816,
    "Third Party Sharing/Collection__Does/Does Not": 0.465,
    "Third Party Sharing/Collection__Purpose": 0.24613636363636365,
    "Third Party Sharing/Collection__Third Party Entity": 0.09333333333333334,
    "User Access, Edit and Deletion__Access Scope": 0.19047619047619047,
    "User Access, Edit and Deletion__Access Type": 0.15476190476190477,
    "User Choice/Control__Choice Scope": 0.06567164179104477,
    "User Choice/Control__Choice Type": 0.07761194029850746,
    "User Choice/Control__Purpose": 0.18663194444444442
  },
  "attr_recall": {
    "Data Retention__Retention Period": 0.3333333333333333,
    "Data Security__Security Measure": 0.5,
    "First Party Collection/Use__Choice Scope": 0.2682471264367816,
    "First Party Collection/Use__Choice Type": 0.23392857142857143,
    "First Party Collection/Use__Does/Does Not": 0.5,
    "First Party Collection/Use__Purpose": 0.12942834138486312,
    "International and Specific Audiences__Audience Type": 0.25,
    "Policy Change__Change Type": 0.3333333333333333,
    "Policy Change__Notification Type": 0.3333333333333333,
    "Policy Change__User Choice": 0.5,
    "Third Party Sharing/Collection__Choice Scope": 0.23011363636363635,
    "Third Party Sharing/Collection__Choice Type": 0.2779166666666667,
    "Third Party Sharing/Collection__Does/Does Not": 0.5,
    "Third Party Sharing/Collection__Purpose": 0.12760942760942762,
    "Third Party Sharing/Collection__Third Party Entity": 0.16666666666666666,
    "User Access, Edit and Deletion__Access Scope": 0.3333333333333333,
    "User Access, Edit and Deletion__Access Type": 0.25,
    "User Choice/Control__Choice Scope": 0.2,
    "User Choice/Control__Choice Type": 0.2,
    "User Choice/Control__Purpose": 0.18888888888888888
  }
}